level,exp,stamina,Cost_SSP,Cost_EP,Reward_SSP,Reward_EP,Reward_Gear,Reward_Count,Limit_SSP,Limit_EP,Limit_Probability,Condition1,Condition2
1,0,10000,0,0,0,0,,0,0,0,0,0,0
2,11180,10100,0,0,100,0,,0,0,0,0,0,0
3,63246,10200,0,0,200,0,lg_7_10,0,0,0,0,0,0
4,174284,10300,0,0,300,0,,radio_7_10,0,0,0,0,0
5,357771,10400,500,0,400,500,,0,0,0,0,0,0
6,625000,10500,500,0,500,0,,1,0,0,0,0,0
7,985901,10600,500,0,500,0,,0,0,0,0,0,0
8,1449440,10700,500,0,500,0,,0,0,0,0,0,0
9,2023858,10800,500,0,500,0,,0,0,0,0,0,0
10,2716823,10900,1000,0,0,0,,0,0,0,0,0,0
11,3535534,11000,1000,0,0,0,,0,0,0,0,0,0
12,4486800,11100,1000,0,1500,0,,0,0,0,0,0,0
13,5577096,11200,1000,0,0,0,,0,0,0,0,0,0
14,6812608,11300,1000,0,0,250,,0,0,0,0,0,0
15,8199268,11400,1500,0,0,0,,0,5000,0,80,72,0
16,9742786,11500,1500,0,0,0,,0,0,0,0,0,0
17,11448668,11600,1500,0,0,0,,0,0,0,0,0,0
18,13322242,11700,1500,0,0,0,,1,0,0,0,0,0
19,15368669,11800,1500,0,0,0,,0,0,0,0,0,0
20,17592964,11900,2000,500,0,0,,0,5000,0,70,120,0
21,20000000,12000,2000,0,0,0,,0,0,0,0,0,0
22,22594526,12100,2000,0,3000,0,,0,0,0,0,0,0
23,25381174,12200,2000,0,0,0,,0,0,0,0,0,0
24,28364465,12300,2000,0,0,500,,0,0,0,0,0,0
25,31548819,12400,2500,500,0,0,,0,5000,1000,60,195,0
26,34938562,12500,2500,0,0,0,,0,0,0,0,0,0
27,38537929,12600,2500,0,0,0,,0,0,0,0,0,0
28,42351073,12700,2500,0,0,0,,0,0,0,0,0,0
29,46382065,12800,2500,0,0,0,,0,0,0,0,0,0
30,50634905,12900,3000,1000,0,0,,1,5000,0,60,270,0
31,55113519,13000,3000,0,0,0,,0,0,0,0,0,0
32,59821768,13100,3000,0,4500,0,,0,0,0,0,0,0
33,64763446,13200,3000,0,0,0,,0,0,0,0,0,0
34,69942291,13300,3000,0,0,750,,0,0,0,0,0,0
35,75361980,13400,3500,1000,0,0,,0,5000,1000,50,378,0
36,81026134,13500,3500,0,0,0,,0,0,0,0,0,0
37,86938323,13600,3500,0,0,0,,0,0,0,0,0,0
38,93102066,13700,3500,0,0,0,,0,0,0,0,0,0
39,99520832,13800,3500,0,0,0,,0,0,0,0,0,0
40,106198046,13900,4000,1500,0,0,,0,5000,0,40,480,0
41,113137085,14000,4000,0,0,0,,0,0,0,0,0,0
42,120341286,14100,4000,0,6000,0,,1,0,0,0,0,0
43,127813943,14200,4000,0,0,0,,0,0,0,0,0,0
44,135558310,14300,4000,0,0,1000,,0,0,0,0,0,0
45,143577603,14400,4500,1500,0,0,,0,5000,1000,40,621,0
46,151875000,14500,4500,0,0,0,,0,0,0,0,0,0
47,160453644,14600,4500,0,0,0,,0,0,0,0,0,0
48,169316644,14700,4500,0,0,0,,0,0,0,0,0,0
49,178467073,14800,4500,0,0,0,,0,0,0,0,0,0
50,187907972,14900,5000,2000,0,0,,0,5000,0,30,750,0
51,197642354,15000,5000,0,0,0,,0,0,0,0,0,0
52,207673196,15100,5000,0,7500,0,,0,0,0,0,0,0
53,218003450,15200,5000,0,0,0,,0,0,0,0,0,0
54,228636035,15300,5000,0,0,1250,,1,0,0,0,0,0
55,239573847,15400,5500,2000,0,0,,0,10000,2000,20,924,0
56,250819750,15500,5500,0,0,0,,0,0,0,0,0,0
57,262376584,15600,5500,0,0,0,,0,0,0,0,0,0
58,274247164,15700,5500,0,0,0,,0,0,0,0,0,0
59,286434279,15800,5500,0,0,0,,0,0,0,0,0,0
60,298940692,15900,6000,2500,0,0,,0,5000,0,20,1080,0
61,311769145,16000,6000,0,0,0,,0,0,0,0,0,0
62,324922356,16100,6000,0,9000,0,,0,0,0,0,0,0
63,338403020,16200,6000,0,0,0,,0,0,0,0,0,0
64,352213810,16300,6000,0,0,1500,,0,0,0,0,0,0
65,366357377,16400,6500,2500,0,0,,0,10000,2000,10,1287,0
66,380836353,16500,6500,0,0,0,,1,0,0,0,0,0
67,395653348,16600,6500,0,0,0,,0,0,0,0,0,0
68,410810952,16700,6500,0,0,0,,0,0,0,0,0,0
69,426311736,16800,6500,0,0,0,,0,0,0,0,0,0
70,442158251,16900,7000,3000,0,0,,0,5000,0,3,1470,0
71,458353030,17000,7000,0,0,0,,0,0,0,0,0,0
72,474898588,17100,7000,0,10500,0,,0,0,0,0,0,0
73,491797422,17200,7000,0,0,0,,0,0,0,0,0,0
74,509052010,17300,7000,0,0,1750,,0,0,0,0,0,0
75,526664816,17400,7500,3000,0,0,,0,10000,2000,3,1710,0
76,544638283,17500,7500,0,0,0,,0,0,0,0,0,0
77,562974841,17600,7500,0,0,0,,0,0,0,0,0,0
78,581676903,17700,7500,0,0,0,,1,0,0,0,0,0
79,600746865,17800,7500,0,0,0,,0,0,0,0,0,0
80,620187109,17900,8000,3500,0,0,,0,5000,0,3,1920,0
81,640000000,18000,8000,0,0,0,,0,0,0,0,0,0
82,660187890,18100,8000,0,12000,0,,0,0,0,0,0,0
83,680753115,18200,8000,0,0,0,,0,0,0,0,0,0
84,701697998,18300,8000,0,0,2000,,0,0,0,0,0,0
85,723024846,18400,8500,3500,0,0,,0,10000,2000,3,2193,0
86,744735954,18500,8500,0,0,0,,0,0,0,0,0,0
87,766833601,18600,8500,0,0,0,,0,0,0,0,0,0
88,789320056,18700,8500,0,0,0,,0,0,0,0,0,0
89,812197572,18800,8500,0,0,0,,0,0,0,0,0,0
90,835468390,18900,9000,4000,0,0,,1,5000,0,3,2430,0
91,859134739,19000,9000,0,0,0,,0,0,0,0,0,0
92,883198835,19100,9000,0,13500,0,,0,0,0,0,0,0
93,907662880,19200,9000,0,0,0,,0,0,0,0,0,0
94,932529067,19300,9000,0,0,2250,,0,0,0,0,0,0
95,957799576,19400,9500,4000,0,0,,0,10000,2000,3,2736,0
96,983476574,19500,9500,0,0,0,,0,0,0,0,0,0
97,1009562218,19600,9500,0,0,0,,0,0,0,0,0,0
98,1036058653,19700,9500,0,0,0,,0,0,0,0,0,0
99,1062968013,19800,9500,0,0,0,,0,0,0,0,0,0
100,9.99999999999999E+18,19900,9999999999,9999999999,0,0,,0,9999999999,9999999999,0,9999999999,0
